{
  "model": "Prophet",
  "timestamp": "2026-06-22T21:27:35.375787",
  "metrics": {
    "MAE": 98.59429793230468,
    "RMSE": 409.4270098596341,
    "CRPS": 78.87543834584375
  },
  "config": {
    "daily_seasonality": true,
    "weekly_seasonality": true,
    "num_grids": 60
  }
}