{
  "model": "LSTM",
  "timestamp": "2026-06-22T19:01:42.036264",
  "metrics": {
    "MAE": 0.10332981497049332,
    "RMSE": 0.29754725098609924,
    "CRPS": 0.07233087047934532
  },
  "config": {
    "input_dim": 60,
    "hidden_dim": 128,
    "num_layers": 2,
    "epochs": 50,
    "batch_size": 32
  }
}