{
  "model": "LSTM",
  "timestamp": "2026-06-22T19:08:16.459486",
  "metrics": {
    "MAE": 0.13333864510059357,
    "RMSE": 0.35711514949798584,
    "CRPS": 0.0933370515704155
  },
  "config": {
    "input_dim": 60,
    "hidden_dim": 128,
    "num_layers": 2,
    "epochs": 50,
    "batch_size": 32
  }
}