{
  "model": "ProposedModel_GraphVAE_NormalizingFlow",
  "timestamp": "2026-06-22T20:47:24.518128",
  "config": {
    "num_nodes": 60,
    "history_window": 14,
    "forecast_horizon": 7,
    "hidden_dim": 128,
    "latent_dim": 32,
    "context_dim": 64,
    "external_dim": 10,
    "num_flows": 8,
    "num_samples": 100
  },
  "metrics": {
    "MAE": 0.036173854023218155,
    "RMSE": 0.04766329005360603,
    "CRPS": 0.021704312413930893
  },
  "training_epochs": 100
}