{
  "model": "Transformer",
  "timestamp": "2026-06-22T19:08:58.711485",
  "metrics": {
    "MAE": 0.09396149963140488,
    "RMSE": 0.26674240827560425,
    "CRPS": 0.0657730497419834
  },
  "config": {
    "d_model": 128,
    "nhead": 4,
    "num_layers": 2,
    "epochs": 50
  }
}