{
  "model": "GRU",
  "timestamp": "2026-06-22T19:08:29.641121",
  "metrics": {
    "MAE": 0.11294704675674438,
    "RMSE": 0.3029877245426178,
    "CRPS": 0.07906293272972106
  },
  "config": {
    "hidden_dim": 128,
    "num_layers": 2,
    "epochs": 50
  }
}