{
  "model": "GRU",
  "timestamp": "2026-06-22T19:01:57.492982",
  "metrics": {
    "MAE": 0.10400330275297165,
    "RMSE": 0.2828851342201233,
    "CRPS": 0.07280231192708014
  },
  "config": {
    "hidden_dim": 128,
    "num_layers": 2,
    "epochs": 50
  }
}