{
  "LSTM": 72.87069026693062,
  "GRU": 67.97273141534521,
  "TRANSFORMER": 61.50140837989806,
  "ARIMA": 99.83406209479135,
  "PROPHET": 99.96331039950398
}